invoice_id,purchase_order_id,invoice_number,invoice_amount,invoice_date
1,43,7219,24730.94,10/1/2025
2,1,02235,5432.75,4/12/2023
3,30,813,33369.64,3/24/2024
4,50,4,25817.37,7/24/2024
5,5,6691,34356.31,8/31/2023
6,14,56,31008.26,7/12/2023
7,50,0,4682.74,7/10/2024
8,4,0965,49186.15,3/25/2023
9,9,5,28466.3,1/1/2023
10,41,9,37131.87,6/5/2024
11,47,61,42346.4,5/26/2024
12,9,6453,28206.2,2/15/2026
13,19,5534,19055.44,7/17/2023
14,40,7159,2238.16,6/12/2025
15,47,04376,33370.67,1/10/2024
16,5,79353,32961.95,10/29/2025
17,3,1,43452.43,2/23/2026
18,2,44117,10557.63,1/18/2026
19,3,57,32010.23,9/5/2024
20,33,6,15473.15,9/17/2025
21,16,7,44945.21,12/1/2023
22,20,19,43412.88,8/13/2023
23,38,72,3543.7,1/19/2024
24,39,543,24263.49,5/21/2026
25,46,21852,26071.94,8/8/2024
26,47,16072,42425.95,7/17/2024
27,42,184,14360.54,3/20/2025
28,19,80,33983.48,10/31/2025
29,32,217,6800.18,10/27/2024
30,7,27870,40875.16,5/7/2024
31,17,8640,46386.41,10/10/2025
32,18,79893,39610.83,4/26/2026
33,43,830,14399.71,6/6/2024
34,10,10,15864.68,12/3/2025
35,46,1161,1211.53,3/24/2023
36,4,99564,40819.2,2/24/2026
37,45,0842,27900.54,5/24/2024
38,38,6208,31812.75,6/13/2025
39,47,34667,18892.12,8/21/2024
40,49,81072,49393.91,7/28/2023
41,47,28003,30198.51,4/7/2024
42,37,9917,4654.29,11/12/2024
43,46,636,36893.25,9/6/2025
44,44,263,42892.85,1/10/2023
45,9,473,11091.97,12/24/2024
46,30,64449,8832.77,2/15/2026
47,11,52925,26057.76,11/13/2023
48,13,1,10673.6,10/14/2025
49,50,08,27675.61,5/5/2025
50,14,50781,16290.51,9/17/2025
51,16,13,41272.43,10/24/2023
52,3,352,26447.93,6/19/2024
53,16,34,36872.83,1/14/2025
54,14,8087,18817.54,8/8/2025
55,26,6,18263.15,11/3/2024
56,26,77,44422.41,11/8/2024
57,5,865,45493.4,11/20/2023
58,22,70352,20872.37,3/19/2024
59,34,02821,11297.29,1/10/2025
60,32,1,14004.85,1/29/2025
61,24,180,35277.46,12/10/2025
62,47,44975,44159.3,3/4/2024
63,28,8925,14827.03,1/14/2025
64,15,6,11148.94,9/15/2023
65,35,476,30648.42,12/25/2023
66,2,849,44781.45,4/4/2026
67,42,15728,20325.89,2/10/2023
68,33,97,12273.84,11/16/2024
69,36,59455,11412.23,6/3/2024
70,24,24145,35791.97,2/7/2025
71,17,6,27046.53,1/13/2023
72,5,17703,24665.96,12/30/2024
73,46,35,12015.56,10/4/2023
74,21,77811,49587.25,1/17/2026
75,37,5,25711.21,1/24/2026
76,39,51,48334.67,12/24/2023
77,36,62,21587.34,12/2/2023
78,8,81,15558.35,11/12/2024
79,16,1254,46743.64,3/29/2024
80,16,11,11440.86,7/18/2024
81,7,2,25867.86,5/2/2026
82,41,1481,37018.88,1/3/2025
83,48,2700,24900.36,3/1/2023
84,36,2,40458.84,10/15/2023
85,22,521,6272.63,6/12/2023
86,36,80,16606.98,5/13/2024
87,3,93515,40893.54,11/20/2024
88,4,55747,18864.69,3/22/2026
89,39,770,21817.67,2/12/2025
90,35,98,13374.57,4/6/2023
91,20,50,28463.32,4/13/2026
92,12,948,42857.18,5/9/2024
93,43,32684,22720.32,1/26/2024
94,14,5,44766.86,11/27/2024
95,34,9761,28435.46,5/28/2023
96,29,321,35449.22,2/19/2024
97,5,6,48188.05,4/6/2024
98,4,869,22723.74,3/31/2023
99,35,03015,36598.11,3/4/2023
100,35,95,47006.05,4/26/2025
101,17,31810,33032.63,3/3/2026
102,26,0121,40981.13,9/9/2024
103,46,1264,12091.05,9/16/2023
104,50,625,22817.73,9/6/2023
105,30,126,29968.96,5/19/2024
106,37,943,11418.35,4/26/2026
107,9,12128,2562.55,2/7/2026
108,21,6087,30216.81,9/8/2023
109,17,040,47876.18,5/26/2024
110,8,43555,42474.91,6/27/2024
111,46,8,41268.13,3/18/2023
112,8,12467,16508.88,11/27/2025
113,27,6402,43113.57,2/12/2025
114,7,107,1935.89,10/8/2025
115,35,34,28009.31,10/15/2024
116,1,9,22112.49,1/2/2026
117,4,7,43041.38,2/6/2026
118,7,4,25478.5,5/13/2025
119,38,72,14820.83,10/21/2024
120,40,49,45855.68,7/13/2025
121,3,88,5245.47,7/10/2023
122,19,64,41417.04,11/3/2024
123,50,32,25916.53,10/3/2023
124,26,0,21068.95,1/10/2023
125,31,4803,20767.81,5/9/2023
126,2,014,10078.36,2/25/2023
127,29,520,40667.32,5/7/2026
128,32,534,9426.76,9/18/2024
129,31,0,6463.04,1/24/2025
130,11,8,49784.18,2/8/2025
131,42,71223,43007.66,2/11/2024
132,11,5534,28365.05,11/7/2023
133,43,53,39504.17,6/8/2025
134,7,6,18015.31,1/2/2025
135,30,4982,17848.04,9/4/2023
136,28,22,20216.46,4/15/2025
137,30,59,37375.03,1/25/2023
138,35,3,8973.46,10/24/2025
139,25,5218,43712.6,7/7/2024
140,47,016,10579.57,1/18/2024
141,47,418,7454.75,1/16/2026
142,40,15556,7899.25,2/23/2024
143,16,65,12241.58,1/16/2023
144,22,854,14354.82,2/11/2026
145,2,3953,46908.36,2/15/2024
146,29,7,3455.3,1/29/2023
147,16,850,26082.64,9/3/2024
148,19,79,43276.46,3/2/2023
149,25,05,36185.68,4/17/2025
150,40,4,1235.2,8/6/2025
151,21,3926,7321.64,7/22/2024
152,46,315,32111.89,8/1/2024
153,14,4,22675.23,2/12/2025
154,21,85988,15278.65,2/28/2024
155,8,598,9321.31,1/4/2024
156,17,9,31765.46,3/2/2026
157,21,555,1882.05,10/10/2024
158,5,3181,43225.11,6/25/2023
159,19,49491,6528.11,11/8/2025
160,12,77,3550.67,2/3/2024
161,32,7,49221.77,4/1/2024
162,1,28449,26955.87,11/17/2025
163,27,98821,30589.32,3/4/2023
164,7,2,29544.38,3/19/2025
165,10,62,15913.41,4/18/2025
166,44,9752,40922.12,1/1/2024
167,49,9,35889.25,6/4/2023
168,49,9,42381.69,10/23/2025
169,49,94690,46330.2,6/10/2025
170,10,4156,29937.51,1/29/2023
171,43,672,33064.81,8/23/2023
172,47,77846,12509.21,7/9/2023
173,24,5,24777.95,3/23/2023
174,50,947,47907.14,12/23/2024
175,20,97,1138.4,10/3/2025
176,48,2,2904.64,11/8/2023
177,49,90,2315.04,12/28/2023
178,21,81855,24518.47,5/3/2025
179,21,5,23629.72,11/6/2024
180,41,5,21797.76,6/16/2025
181,41,9327,38423.94,1/10/2026
182,42,7,40094.97,11/17/2023
183,27,2,8526.86,4/14/2023
184,32,7,43013.73,7/27/2025
185,11,180,48658.8,4/3/2026
186,45,77301,5516.97,8/15/2024
187,38,094,7614.23,12/20/2024
188,7,1,43979.62,7/6/2023
189,24,25,32140.84,4/4/2026
190,3,611,26618.45,4/4/2025
191,10,1,49930.14,5/3/2026
192,18,54,9065.54,10/30/2025
193,2,9211,48453.32,5/16/2024
194,30,5,35039.96,9/30/2025
195,19,74,41044.23,9/29/2023
196,39,8914,1090.33,7/16/2025
197,49,88,34383.62,4/18/2026
198,41,1797,25901.22,3/25/2025
199,3,6,22379.54,3/11/2024
200,40,48331,12867.91,3/27/2026
201,40,41,36721.47,1/26/2023
202,20,3149,4394.12,11/30/2025
203,50,1212,35093.46,9/18/2024
204,40,0,31888.81,2/17/2025
205,11,5,31439.49,2/14/2026
206,10,78,41258.66,3/8/2025
207,10,5230,21849.16,8/2/2025
208,36,566,37466.62,4/28/2024
209,31,9740,14606.82,5/18/2023
210,50,765,41719.62,3/7/2024
211,50,89606,42126.92,2/23/2023
212,28,5,34152.61,11/1/2025
213,13,3057,17165.68,10/21/2025
214,36,75423,48479.36,10/29/2025
215,20,4,45137.46,12/28/2024
216,39,7960,21243.68,6/7/2024
217,37,79,31601.52,2/3/2023
218,37,341,26912.41,2/20/2024
219,38,2,42072.54,7/30/2023
220,9,4,25951.35,8/3/2024
221,13,7597,25064.42,10/7/2023
222,26,61,16071.97,6/12/2024
223,12,4344,17837.98,12/17/2025
224,24,1,48022.14,9/29/2023
225,19,44,15470.98,4/5/2025
226,40,621,32226.18,8/30/2023
227,22,4,4759.65,1/28/2023
228,17,50217,28249.43,4/14/2025
229,12,1,24087.42,4/20/2025
230,7,66,44196.87,2/22/2024
231,22,45,10696.13,9/29/2025
232,1,82,25025.98,7/13/2024
233,34,95768,13088.95,12/11/2023
234,30,594,3495.06,1/16/2024
235,25,7,22261.79,2/20/2023
236,22,27,35959.23,10/18/2025
237,18,3908,14453.82,10/7/2024
238,13,387,3975.1,9/23/2023
239,7,48896,42816.62,5/5/2026
240,1,3,22274.34,7/27/2023
241,48,5,26504.08,5/5/2024
242,6,4,4987.7,9/21/2024
243,40,71482,19991.24,1/25/2026
244,39,591,36655.08,11/17/2023
245,4,187,17985.18,2/15/2025
246,5,9010,31902.63,12/16/2024
247,9,0584,36911.94,1/5/2026
248,25,9,42623.54,1/21/2023
249,48,10,44972.64,7/16/2025
250,12,401,12816.14,2/3/2026
251,18,81,10512.46,11/25/2025
252,39,0,1017.75,11/10/2025
253,7,1411,47987.74,11/16/2025
254,49,906,22407.56,6/3/2024
255,8,7,22769.42,2/11/2026
256,30,330,12584.59,5/13/2024
257,30,691,44184.06,5/16/2025
258,1,793,21191.63,1/27/2026
259,40,92565,14322.37,2/6/2023
260,18,787,24761.29,12/26/2024
261,12,83797,11199.66,3/2/2023
262,40,39101,7713.71,2/25/2023
263,6,55425,33542.9,4/4/2024
264,49,2361,49691.92,8/22/2025
265,45,6,7628.85,10/2/2024
266,26,780,29473.67,8/4/2025
267,14,08527,42373.86,5/31/2025
268,42,39,8866.79,3/19/2024
269,18,63,10208.69,4/3/2025
270,46,57,30701.72,9/30/2024
271,49,1,39072.35,6/14/2025
272,21,2,42440.79,3/26/2024
273,29,76925,17649.74,8/17/2025
274,34,81276,11097.55,6/28/2024
275,35,8,39126.26,9/9/2023
276,28,19611,3538.46,2/4/2023
277,28,252,31570.69,9/7/2023
278,5,6190,4753.36,4/18/2025
279,23,952,23922.86,3/16/2025
280,42,108,45430.8,8/25/2024
281,5,7,11242.52,1/31/2023
282,42,882,41416.9,9/26/2024
283,38,685,24501.35,10/30/2023
284,33,6439,18030.12,8/16/2024
285,16,55,18516.91,12/29/2025
286,49,98068,18356.54,3/2/2026
287,32,06,24352.2,12/16/2025
288,43,39124,28906.97,4/13/2023
289,14,11,11476.22,4/17/2025
290,44,4892,16297.19,2/13/2023
291,48,5003,47175.06,10/2/2023
292,36,22,40000.77,1/17/2024
293,47,58122,47336.39,11/23/2023
294,45,5251,24522.86,5/20/2026
295,32,66,8644.04,4/11/2025
296,4,0,18682.86,9/22/2025
297,44,7,39523.24,1/28/2026
298,9,4,16840.99,11/22/2025
299,49,1374,29718.94,11/26/2023
300,39,14,34493.34,3/9/2025
301,22,0,23742.53,3/3/2026
302,33,895,10706.38,12/27/2025
303,42,81,27116.16,8/29/2025
304,16,9,2349.62,12/20/2023
305,23,78,33613.96,7/26/2025
306,30,82146,20978.47,2/27/2026
307,25,654,13933.13,1/23/2024
308,35,99,36195.78,2/27/2023
309,47,65,45195.09,1/30/2026
310,5,00,12609.78,7/19/2023
311,12,3,1556.46,6/9/2023
312,21,71,21312.9,2/9/2025
313,11,6599,47653.62,9/13/2024
314,6,72,26019.46,7/3/2024
315,40,17,41242.8,1/18/2023
316,6,8,30296.18,1/5/2025
317,42,702,32854.76,12/11/2023
318,45,3706,12221.97,3/30/2025
319,25,116,25804.33,12/9/2025
320,40,6571,6463.2,7/26/2023
321,4,9034,45137.16,10/12/2025
322,21,6,27581.0,9/23/2024
323,31,8613,19964.22,2/5/2024
324,3,4528,21667.49,7/2/2023
325,40,655,43093.3,3/27/2023
326,27,485,5019.82,5/8/2026
327,8,17,8422.94,5/14/2023
328,30,72728,5514.25,12/14/2024
329,46,90031,37257.56,2/20/2026
330,16,3002,13894.55,3/23/2024
331,31,4279,9420.62,5/25/2024
332,23,085,47126.45,3/4/2026
333,48,66,41319.35,9/18/2024
334,8,781,14528.88,5/17/2025
335,32,0,26362.3,8/24/2023
336,43,5,16728.25,5/16/2023
337,6,3,17046.92,6/4/2025
338,43,8337,25628.08,10/17/2025
339,31,3,39636.95,4/4/2024
340,9,91,2819.31,9/28/2023
341,20,30,40958.95,9/17/2025
342,8,2455,5410.09,4/23/2024
343,14,7234,1387.45,8/13/2023
344,29,1015,3958.05,5/25/2026
345,28,82,46187.35,12/25/2024
346,3,17,42730.04,10/17/2025
347,23,359,7140.25,7/17/2023
348,4,5382,18617.14,6/5/2025
349,2,4,2041.56,2/1/2024
350,40,6675,45618.1,3/31/2025
351,48,1700,41234.23,5/22/2023
352,30,0247,31341.15,12/18/2023
353,18,86662,16000.34,1/20/2024
354,32,47,5912.55,1/25/2024
355,36,79,22424.33,4/26/2026
356,11,4372,41636.8,5/2/2023
357,45,7,17459.04,7/1/2025
358,50,67,26594.55,3/12/2025
359,12,0,41127.96,4/22/2024
360,41,7831,31907.25,6/19/2023
361,13,06441,27105.48,5/1/2023
362,49,6,12273.16,12/30/2023
363,24,8514,46158.85,3/28/2024
364,6,78730,46039.39,4/18/2024
365,21,324,49216.6,3/8/2025
366,4,627,24324.09,1/26/2025
367,11,84119,24824.13,4/13/2026
368,38,4,24914.61,6/22/2025
369,7,9,20321.36,5/21/2024
370,28,171,15634.03,11/26/2023
371,19,8,47255.39,9/30/2023
372,37,21567,14359.26,6/13/2023
373,37,6251,47791.93,5/6/2023
374,10,697,38074.0,4/19/2025
375,27,50,22528.23,1/18/2023
376,16,55154,29809.87,2/3/2026
377,20,533,47099.6,7/18/2025
378,11,3,38506.95,5/24/2026
379,5,04,20835.29,9/12/2025
380,28,39499,31239.53,6/17/2025
381,32,70,16766.46,9/6/2024
382,25,80237,37257.82,3/9/2026
383,38,90734,29207.27,10/12/2025
384,42,169,36627.14,2/3/2026
385,18,28,4113.6,10/26/2023
386,19,29,16786.26,6/27/2025
387,41,9413,41653.49,12/28/2023
388,37,69677,19231.89,5/6/2024
389,29,91197,14857.44,11/4/2024
390,24,65875,45211.17,9/16/2025
391,5,053,47712.41,3/14/2026
392,7,4,43003.46,4/11/2023
393,20,32,48982.85,5/28/2025
394,17,46,25305.83,4/22/2026
395,12,21,44299.58,5/2/2025
396,6,995,22974.11,4/26/2024
397,23,277,17937.77,10/14/2025
398,28,8682,46609.37,4/17/2023
399,28,4255,36408.91,11/28/2025
400,21,2245,14320.46,1/13/2025
401,37,2,21550.41,7/28/2023
402,50,46242,35666.96,7/8/2024
403,11,416,38365.94,6/18/2025
404,49,2148,48863.08,10/22/2024
405,17,3,18911.11,4/9/2025
406,6,30308,8903.71,4/23/2026
407,33,59884,33578.11,12/1/2024
408,33,6,21317.77,2/14/2024
409,14,86087,1483.96,6/24/2023
410,32,509,28982.96,6/2/2024
411,10,120,36992.82,4/24/2024
412,38,7,26263.0,7/18/2025
413,38,9,3799.66,3/24/2024
414,15,3,25883.09,1/13/2024
415,22,6,36886.75,10/6/2024
416,27,2892,18858.92,9/18/2024
417,6,428,3465.24,2/14/2026
418,34,9176,33828.42,2/13/2023
419,50,6146,29363.12,10/14/2025
420,25,7086,1487.65,2/10/2023
421,49,90,45791.27,4/21/2023
422,29,1,1494.18,3/26/2025
423,21,2,27238.68,3/23/2023
424,17,123,3660.74,7/21/2023
425,22,01105,8698.9,8/22/2023
426,29,44050,10439.19,1/31/2024
427,38,8,11404.73,9/27/2024
428,9,6,1556.34,5/22/2023
429,8,63,10729.6,10/7/2025
430,13,77,9986.92,2/20/2026
431,21,0,35535.18,4/10/2023
432,41,5417,47688.8,5/24/2025
433,28,08,6299.45,9/14/2025
434,15,81,33894.31,8/18/2025
435,29,2743,3732.43,2/10/2026
436,46,77,25821.23,5/25/2025
437,15,290,14676.54,4/1/2023
438,22,2824,22571.27,1/1/2024
439,5,81,39257.55,3/18/2023
440,26,44,8590.9,8/28/2023
441,5,4345,41692.82,1/16/2024
442,27,24,44431.16,4/30/2026
443,42,4,16345.8,5/15/2026
444,41,1659,40130.3,11/8/2023
445,24,6900,48120.95,1/10/2023
446,49,1,30282.62,2/28/2024
447,10,9002,18191.82,12/16/2023
448,35,6,46759.84,12/5/2023
449,5,39,49911.25,11/22/2025
450,4,58369,9494.24,12/13/2023
451,37,9,22763.89,9/2/2024
452,30,906,9566.79,3/5/2025
453,13,11,46367.2,5/2/2024
454,2,395,5415.07,8/4/2023
455,31,72107,30333.08,2/24/2025
456,38,98319,6147.84,4/16/2026
457,47,313,5699.73,2/16/2025
458,12,3913,21725.89,4/22/2026
459,40,533,36312.89,2/23/2026
460,45,75,5048.37,11/16/2023
461,11,762,38664.57,6/20/2024
462,33,502,46242.37,9/24/2023
463,23,97025,39838.93,5/16/2025
464,39,175,32723.25,10/23/2025
465,35,34758,16726.5,3/27/2026
466,26,59,49770.89,6/27/2024
467,19,1194,46892.45,12/13/2025
468,39,2,13852.64,10/14/2023
469,45,7,10079.86,8/4/2025
470,41,4,15347.0,7/14/2025
471,24,23,30569.04,12/6/2025
472,9,9425,36019.26,1/10/2023
473,29,3901,40446.72,12/31/2025
474,39,1592,1294.94,6/30/2023
475,9,52,36328.7,11/30/2023
476,10,44,23179.78,2/25/2026
477,22,9,10208.39,7/27/2023
478,4,14,34209.0,2/22/2025
479,6,1,44807.6,12/3/2024
480,33,48597,46248.65,6/12/2025
481,14,19550,39313.1,6/6/2024
482,40,89,20450.27,7/29/2024
483,38,59575,10212.65,5/23/2023
484,48,89,22095.73,1/31/2026
485,33,045,26840.48,1/23/2025
486,19,7786,13150.1,12/5/2025
487,13,34,5034.08,4/1/2023
488,5,035,13140.62,3/12/2026
489,5,8768,7240.66,1/15/2025
490,27,82,17176.8,5/8/2023
491,47,5,14609.76,5/18/2026
492,8,882,28832.94,2/6/2024
493,42,3,27594.34,12/23/2024
494,35,15458,29158.04,1/21/2023
495,32,8,14394.55,6/11/2025
496,6,45692,33251.19,9/19/2024
497,35,0946,43659.23,12/19/2025
498,13,9316,49169.27,9/26/2024
499,5,347,21832.52,3/20/2026
500,42,00,26523.11,2/4/2026
501,38,125,17451.72,11/4/2025
502,35,498,8593.14,5/20/2026
503,19,7,39529.08,1/16/2025
504,10,7,26053.21,7/21/2023
505,7,40581,38236.73,11/23/2024
506,4,984,29322.56,9/3/2024
507,9,44133,11569.73,2/20/2024
508,50,5907,24671.65,2/7/2025
509,48,33445,18196.23,3/29/2024
510,28,73,48831.92,8/22/2025
511,34,9086,45422.39,11/15/2024
512,16,72298,18780.45,1/6/2026
513,41,3868,31736.3,12/17/2025
514,39,24,18198.93,4/28/2023
515,34,07,27359.21,3/6/2024
516,36,76,9280.59,11/20/2025
517,47,063,17199.06,12/11/2024
518,13,38,1678.31,4/25/2024
519,12,66371,33022.05,1/19/2025
520,29,9250,2613.3,4/15/2025
521,46,5,16723.77,6/18/2025
522,43,3380,26028.72,12/11/2025
523,12,50,48061.56,1/9/2025
524,7,70,19547.12,2/24/2023
525,17,8,19769.02,2/18/2024
526,28,86,32260.72,8/20/2025
527,46,9643,15039.93,2/25/2023
528,2,14723,45424.09,2/11/2026
529,21,87532,23215.27,1/7/2025
530,45,93525,16776.82,8/28/2024
531,38,79,35653.42,11/26/2023
532,18,195,33269.93,11/2/2024
533,34,7,13084.3,7/11/2023
534,16,95,4971.65,5/31/2025
535,45,8,33135.64,3/3/2024
536,14,3334,36430.76,10/9/2024
537,10,16,8134.26,2/10/2023
538,10,8864,31172.09,12/6/2023
539,16,30825,2866.9,8/1/2023
540,36,2821,13794.61,5/17/2024
541,17,5435,20759.6,4/23/2026
542,38,21644,31869.65,3/4/2023
543,22,48924,27020.78,5/7/2023
544,4,28801,2657.64,4/11/2026
545,45,23,3994.06,1/25/2025
546,9,9,18389.27,5/4/2023
547,47,8907,47993.07,8/20/2025
548,24,9254,4920.75,12/4/2024
549,20,52,8298.96,9/22/2025
550,42,6474,28884.84,12/22/2025
551,25,227,28690.24,4/12/2023
552,43,74,35413.57,12/12/2025
553,1,5931,13423.02,4/9/2024
554,36,55853,17620.93,3/26/2025
555,20,4,6807.11,6/8/2024
556,17,3,1893.12,6/6/2023
557,6,2352,29427.63,9/24/2024
558,21,63021,27328.26,1/16/2024
559,44,866,14930.48,3/27/2026
560,25,4460,31258.57,2/2/2023
561,12,87,21434.06,4/15/2025
562,47,6971,6018.84,12/1/2023
563,15,31945,10525.32,8/19/2023
564,7,4,48813.15,11/5/2023
565,23,361,47576.31,1/17/2025
566,11,04186,21731.16,9/25/2024
567,50,104,14465.53,12/16/2025
568,8,04,32019.81,1/30/2025
569,43,3,3982.72,3/30/2025
570,21,26,22260.0,11/19/2023
571,15,98,8355.75,5/10/2023
572,26,540,49827.96,1/28/2023
573,34,480,13164.17,12/30/2024
574,45,57,36134.31,7/28/2025
575,3,68,41248.54,3/6/2024
576,12,87,30720.88,6/3/2023
577,26,907,30806.16,8/8/2025
578,40,952,18562.28,11/3/2024
579,48,99058,24478.77,6/30/2025
580,21,602,48461.22,9/21/2024
581,46,7505,27621.42,3/6/2024
582,17,7,12568.77,6/4/2023
583,11,3852,7249.27,1/24/2023
584,45,2758,40950.94,3/31/2023
585,28,1,4928.94,3/2/2025
586,18,221,46939.58,9/17/2025
587,6,52,49576.26,8/16/2024
588,22,45,33126.69,6/30/2023
589,29,6603,21159.14,9/13/2023
590,12,169,43443.65,7/18/2025
591,33,643,23122.74,5/16/2026
592,12,5,26666.09,9/25/2024
593,27,86,41918.43,3/16/2026
594,9,77,49549.72,2/26/2023
595,25,3,4469.33,8/6/2025
596,6,9656,6993.44,12/23/2024
597,40,1977,17146.42,8/17/2023
598,34,69469,17963.32,8/20/2025
599,26,01556,10480.91,4/17/2025
600,25,51,31442.98,3/9/2025
601,41,07,42370.33,2/9/2023
602,22,22263,34103.8,10/16/2023
603,11,262,24824.9,10/17/2024
604,23,041,23020.52,6/6/2024
605,16,60149,44504.43,11/24/2023
606,1,5,44924.5,4/27/2024
607,17,71,6606.66,4/11/2023
608,34,5396,9578.7,1/18/2024
609,3,986,46312.56,12/13/2025
610,11,11852,24755.71,1/21/2025
611,2,05492,45914.05,4/15/2025
612,1,917,4572.49,12/27/2025
613,36,7,34883.83,10/17/2024
614,5,64330,36254.62,6/19/2024
615,11,1842,28820.69,3/23/2025
616,25,4,45597.99,1/7/2023
617,35,28,30722.39,3/4/2026
618,44,1,10378.89,7/10/2023
619,2,319,16106.29,5/14/2025
620,10,0,14270.08,2/18/2023
621,49,96829,36591.68,2/19/2024
622,40,12048,10709.38,4/25/2025
623,21,83,11394.59,5/7/2025
624,23,67148,17042.2,6/12/2024
625,20,04323,16898.58,7/22/2024
626,42,277,10091.2,3/20/2024
627,23,7,10012.81,2/13/2024
628,50,453,7720.24,8/19/2025
629,7,9564,29624.21,2/14/2026
630,22,87051,11813.95,1/30/2025
631,49,7,17722.68,1/6/2023
632,2,8,39504.96,5/16/2026
633,33,011,15163.97,7/21/2024
634,22,039,47880.95,9/21/2023
635,28,57430,40919.47,1/13/2026
636,9,0,26108.57,11/8/2023
637,37,52008,45402.35,3/20/2023
638,33,4,36202.68,11/16/2024
639,26,233,4908.01,1/8/2024
640,7,01,30382.84,6/17/2023
641,40,65778,11080.66,11/2/2024
642,37,5838,28591.45,12/2/2024
643,29,002,21399.96,12/4/2024
644,39,2,22629.68,12/1/2023
645,5,26,49166.11,4/26/2024
646,31,17,15370.65,4/7/2025
647,20,42,48676.2,9/21/2023
648,17,263,47654.16,3/3/2026
649,45,44220,21194.65,2/21/2024
650,6,1,48609.42,5/8/2026
651,23,6,7232.12,11/21/2025
652,1,60,16910.37,3/3/2023
653,13,183,23305.48,3/27/2024
654,7,6523,23492.74,11/12/2025
655,43,17500,6831.62,2/17/2024
656,17,315,1087.22,2/7/2024
657,32,5877,47741.44,10/7/2023
658,5,4068,21789.45,2/1/2024
659,47,09728,22290.37,8/11/2025
660,44,384,35305.2,2/1/2025
661,16,3,3970.79,2/9/2025
662,29,49328,8969.53,10/29/2023
663,36,8299,27567.64,5/25/2023
664,18,32035,11869.81,5/10/2025
665,26,89010,18797.62,1/11/2023
666,16,9841,34138.78,1/15/2023
667,50,64946,19632.62,8/10/2023
668,44,616,1276.02,5/13/2023
669,5,44018,44197.34,1/20/2024
670,25,40,37171.14,7/18/2024
671,26,8,26740.59,4/1/2023
672,6,3929,28878.4,2/14/2024
673,40,51622,35929.8,1/24/2024
674,14,97,6282.87,5/9/2025
675,34,9,24416.93,11/28/2025
676,12,57281,37617.68,6/15/2025
677,28,15,20427.29,8/23/2025
678,23,48275,47418.42,9/20/2023
679,3,1324,15492.87,1/10/2023
680,32,5151,11417.34,7/1/2025
681,47,4,22434.94,11/9/2023
682,37,7606,18625.85,4/23/2024
683,14,39,32243.38,7/31/2023
684,50,71,18894.61,5/4/2024
685,9,504,15880.36,4/7/2025
686,12,6,28953.14,3/16/2025
687,19,604,41141.78,2/21/2023
688,43,44290,47228.23,6/6/2023
689,50,19448,15302.67,7/4/2025
690,32,2,37925.71,5/19/2025
691,37,4712,26929.29,4/27/2024
692,22,5,44024.41,6/13/2025
693,38,3,12684.94,1/1/2023
694,5,42,11539.9,2/2/2023
695,40,6296,2697.28,12/15/2024
696,23,70734,21209.48,5/22/2026
697,26,4,38923.06,4/25/2025
698,45,38066,38328.1,8/10/2025
699,24,78,33738.79,10/30/2025
700,44,6033,35772.98,1/4/2026
701,13,0550,22103.87,12/14/2024
702,47,075,9260.83,2/28/2026
703,47,59545,45732.84,4/8/2026
704,41,295,26163.26,11/25/2024
705,41,32,10356.4,6/22/2023
706,15,65,40771.27,9/20/2023
707,41,3890,26189.6,3/20/2024
708,50,73166,44545.35,3/13/2024
709,36,72810,35038.82,6/20/2024
710,25,7,41818.48,5/1/2026
711,10,38480,5281.39,2/11/2024
712,25,751,34368.81,1/16/2025
713,40,4,37046.43,6/15/2025
714,9,7181,42725.88,1/5/2024
715,3,5,47160.18,5/29/2025
716,26,218,37708.55,7/23/2023
717,15,469,8026.92,8/22/2023
718,11,32,46417.87,5/24/2023
719,3,7,40319.64,1/13/2024
720,27,425,19301.5,1/31/2025
721,23,33,15379.66,1/5/2023
722,7,22720,44308.75,1/30/2024
723,4,97231,8938.57,3/5/2024
724,44,09,40387.01,12/19/2024
725,22,52730,31392.46,5/31/2024
726,5,8623,12180.07,4/2/2025
727,2,500,37124.64,12/2/2023
728,3,9205,49721.93,12/2/2023
729,4,629,30055.04,10/7/2023
730,28,73535,20601.17,4/22/2023
731,7,1,31033.33,3/25/2023
732,50,77,1093.43,12/6/2024
733,36,01,14848.38,2/15/2025
734,41,7136,18455.3,7/2/2025
735,3,44753,19825.02,2/1/2023
736,14,0,37429.42,10/2/2025
737,35,354,14623.33,1/2/2024
738,23,138,46562.19,6/2/2025
739,31,7,29648.06,3/21/2025
740,14,1204,11891.49,4/22/2023
741,2,6209,48740.43,1/13/2025
742,38,912,16842.04,8/5/2025
743,15,211,38685.7,4/22/2024
744,35,07481,2029.19,7/31/2023
745,1,5591,29789.41,3/26/2025
746,48,0019,27496.33,6/23/2025
747,13,14,9789.12,4/5/2024
748,23,6,3291.72,8/25/2025
749,17,765,2198.83,6/29/2025
750,3,4818,39975.2,7/9/2024
751,16,885,41442.85,9/29/2024
752,27,602,31842.28,1/20/2025
753,31,8,15540.92,1/4/2023
754,46,205,25753.61,5/19/2024
755,28,348,13860.49,3/7/2026
756,12,025,4897.55,9/26/2023
757,35,543,13584.91,12/14/2025
758,5,5,45129.81,7/26/2023
759,10,76,12804.76,10/28/2024
760,50,2120,20295.53,2/28/2024
761,41,56251,45392.64,4/12/2023
762,6,2,39951.68,1/7/2025
763,34,7,8713.2,12/26/2024
764,37,2419,42441.08,9/21/2024
765,7,63,9237.53,10/24/2024
766,32,9,22715.33,6/8/2025
767,8,426,4593.18,6/5/2024
768,49,03,29990.09,7/6/2024
769,22,504,38227.57,11/18/2025
770,31,86309,28816.38,5/15/2023
771,7,050,44198.25,2/10/2026
772,29,8357,48077.3,3/17/2026
773,25,9,26733.93,4/19/2026
774,19,98219,18248.95,5/22/2024
775,3,4,1631.82,6/6/2023
776,28,963,32313.53,8/28/2025
777,23,37453,33688.66,10/28/2023
778,5,107,9223.9,11/20/2023
779,32,3059,12840.47,4/2/2026
780,32,0973,46443.61,3/5/2023
781,35,433,33622.56,1/16/2024
782,41,24,16728.68,4/28/2023
783,9,158,33416.07,1/22/2024
784,41,270,20765.86,4/7/2023
785,7,87,14024.86,10/16/2023
786,21,843,22501.15,6/7/2024
787,43,184,4160.54,2/21/2025
788,27,54,17408.95,11/9/2025
789,19,21456,29291.21,6/8/2023
790,25,01300,48696.46,9/5/2025
791,19,9561,41267.88,12/2/2024
792,8,99,32802.31,7/4/2024
793,4,22,44462.08,3/5/2024
794,24,221,36929.03,5/14/2025
795,20,4,30398.11,12/2/2025
796,4,3772,18429.04,1/8/2024
797,15,1946,7760.64,3/12/2025
798,3,42999,33422.76,3/22/2024
799,2,38,8438.61,12/4/2023
800,19,770,20974.57,5/30/2024
801,45,75,30627.31,9/14/2025
802,14,393,27856.82,1/16/2024
803,12,1022,18986.92,6/14/2024
804,29,634,49955.51,8/28/2023
805,10,9,25441.61,4/22/2026
806,18,61,12949.78,7/6/2023
807,17,3304,16787.32,6/1/2023
808,38,322,14823.29,7/27/2023
809,15,9,35078.53,8/19/2023
810,11,4211,37837.73,2/29/2024
811,26,4973,24808.1,1/4/2025
812,35,081,37258.87,7/3/2023
813,32,665,44685.03,10/23/2023
814,41,7,25450.16,8/7/2025
815,29,73,39504.2,7/19/2023
816,25,82,19942.43,4/1/2024
817,9,08,19525.55,1/20/2024
818,12,731,21861.25,4/4/2025
819,30,34,15487.08,6/24/2023
820,50,9,21986.19,5/23/2026
821,50,9,5850.82,5/6/2023
822,49,77553,22700.28,1/9/2024
823,8,9044,28558.09,3/19/2024
824,20,00,46694.15,11/3/2025
825,36,507,23240.6,9/3/2025
826,26,9838,42838.53,5/19/2025
827,12,68757,24809.88,10/27/2024
828,17,90891,48407.41,1/30/2026
829,40,12456,16059.58,4/1/2023
830,21,54681,27816.01,7/16/2025
831,16,29411,40462.73,3/20/2025
832,4,0,27613.09,3/14/2023
833,21,29693,37888.39,10/2/2025
834,5,18,35548.75,12/4/2025
835,35,11340,25106.8,1/25/2026
836,40,7,48429.13,12/18/2024
837,28,5749,13413.43,9/26/2025
838,32,36,2174.99,7/11/2024
839,3,63,20705.69,4/23/2024
840,35,949,22115.26,3/27/2023
841,5,95,20459.14,4/14/2023
842,24,275,13579.61,5/25/2025
843,18,9,33815.12,7/14/2024
844,20,7,33247.6,10/6/2023
845,20,35003,38856.22,8/1/2023
846,50,13,6167.4,4/19/2023
847,10,5,29423.3,5/24/2024
848,33,00,38091.56,12/15/2024
849,43,14,46126.54,5/7/2024
850,43,8,23625.46,8/8/2025
851,11,27885,33294.2,2/10/2026
852,20,95,32095.16,5/7/2024
853,35,632,48229.27,4/17/2025
854,35,86188,7580.58,11/21/2025
855,5,70,28636.2,9/19/2024
856,7,921,11767.98,8/16/2025
857,4,0,47060.22,12/6/2025
858,46,54616,22787.89,2/17/2026
859,39,81473,48489.57,3/23/2024
860,42,430,3818.96,1/22/2023
861,2,6,15328.63,3/31/2025
862,46,331,36356.59,8/30/2023
863,16,4,26675.2,12/4/2023
864,44,1672,30591.97,8/11/2023
865,7,2279,13448.75,7/18/2023
866,27,6536,38774.38,3/27/2025
867,11,36315,37073.49,8/27/2025
868,30,73909,42969.28,11/8/2024
869,23,58,8811.42,4/16/2026
870,19,076,1113.44,12/4/2023
871,18,93283,33778.1,7/8/2024
872,5,06828,15393.13,5/23/2024
873,12,4,21885.29,12/31/2025
874,1,1550,23287.23,3/15/2025
875,43,54566,18800.47,9/19/2025
876,37,8,1675.62,3/20/2024
877,36,42702,19633.29,3/23/2024
878,3,5682,45810.28,5/21/2026
879,37,13693,11983.14,3/16/2024
880,35,97836,14157.02,5/15/2026
881,47,12,40268.04,8/9/2023
882,22,94,23395.87,9/15/2024
883,45,4136,25395.6,3/11/2023
884,21,2,31747.01,6/11/2025
885,3,9,1517.98,7/12/2025
886,10,070,16589.38,2/9/2026
887,45,167,33816.46,12/24/2023
888,11,38,18799.87,10/23/2025
889,38,4262,3855.35,1/9/2024
890,27,2113,41394.07,12/9/2024
891,22,45,18152.14,11/29/2023
892,24,569,2562.56,11/5/2024
893,49,191,40146.91,5/23/2024
894,10,86859,43963.87,6/14/2025
895,10,9610,37684.37,3/22/2024
896,3,03,20493.57,4/6/2024
897,23,6297,20381.93,1/25/2024
898,32,1,3139.97,3/5/2023
899,12,280,35633.45,2/1/2023
900,9,8613,16050.18,4/7/2026
901,44,1,30280.45,3/3/2023
902,3,72933,43648.02,7/27/2025
903,35,90,31282.19,7/22/2024
904,44,96,4710.43,4/6/2025
905,46,23513,42627.15,1/4/2026
906,47,404,2947.0,10/11/2025
907,39,6387,10492.54,3/20/2025
908,17,550,25680.16,5/12/2026
909,50,93192,49103.25,5/18/2024
910,36,17718,40500.73,3/24/2026
911,12,78085,40925.27,9/18/2023
912,4,5198,44848.94,4/17/2026
913,45,47929,13359.79,12/18/2023
914,11,210,5070.48,1/27/2025
915,15,60479,1860.36,11/7/2025
916,35,7,47778.16,7/11/2025
917,36,7,8087.93,6/9/2023
918,37,6943,46010.84,12/28/2024
919,30,57235,9280.11,8/5/2023
920,2,27,15318.73,4/3/2026
921,32,9,1091.08,12/23/2023
922,49,424,34134.85,11/3/2024
923,24,0614,44377.48,6/5/2025
924,22,9,9873.66,7/5/2025
925,49,99271,36454.3,9/23/2023
926,22,56,18367.03,11/24/2025
927,42,61192,35880.76,5/21/2023
928,10,6270,14651.54,3/2/2023
929,34,0,43131.77,3/3/2025
930,24,46,13394.84,11/17/2023
931,21,287,23337.11,10/13/2024
932,47,813,18227.14,12/24/2023
933,36,103,44250.94,3/23/2026
934,7,516,47017.2,10/14/2023
935,33,0,10212.21,5/29/2024
936,26,90808,16693.7,4/19/2023
937,21,9,34843.33,5/18/2024
938,31,7188,24607.48,3/31/2024
939,45,39268,1282.5,2/6/2023
940,5,63,45226.57,6/6/2023
941,11,5398,43045.33,3/14/2024
942,22,30,47850.41,12/11/2025
943,16,10,8738.21,2/16/2026
944,29,71633,17281.22,9/25/2023
945,3,7,5112.51,9/1/2025
946,5,9,49316.96,6/28/2025
947,5,77,9753.36,10/15/2023
948,31,13953,26935.92,11/13/2023
949,36,65336,36056.86,9/20/2024
950,21,101,18090.46,12/24/2024
951,10,32,28695.92,10/1/2024
952,37,71460,17322.56,2/26/2024
953,49,382,9085.88,3/22/2023
954,24,2388,34771.15,3/8/2023
955,28,53,31209.3,12/6/2024
956,35,4943,48543.37,9/5/2023
957,41,14,40813.1,8/19/2023
958,33,268,28016.09,3/9/2025
959,27,258,5258.53,7/8/2023
960,29,775,30610.9,10/4/2024
961,27,8999,47333.4,3/29/2023
962,36,2573,17033.95,4/16/2024
963,47,4,5392.64,3/13/2026
964,24,12,49750.62,6/3/2024
965,34,771,34851.13,4/3/2023
966,15,20,16188.44,9/24/2025
967,49,1165,29594.86,9/26/2023
968,2,26309,25498.3,6/4/2025
969,38,80,8456.23,2/18/2025
970,32,830,22253.12,6/17/2025
971,47,0,4674.97,3/18/2026
972,22,30,39384.59,11/13/2023
973,2,151,20815.91,8/24/2024
974,38,1,8096.45,9/23/2023
975,12,86872,45942.96,11/6/2023
976,41,257,48381.65,5/11/2025
977,25,5,4300.59,1/23/2024
978,6,258,22768.6,5/29/2023
979,22,6419,21513.68,3/3/2023
980,8,71,22495.92,1/9/2024
981,36,35288,38289.2,9/18/2024
982,9,19,48967.4,11/22/2025
983,24,451,31859.65,4/17/2024
984,18,8901,25492.28,1/1/2023
985,50,0,30716.33,5/21/2026
986,34,923,17018.42,12/20/2024
987,10,59299,48693.15,2/1/2023
988,18,83896,24595.05,3/8/2026
989,30,1,26921.37,1/16/2025
990,28,195,1849.13,5/24/2024
991,43,0,47262.49,2/6/2025
992,29,4,17667.24,6/14/2024
993,41,4,40408.6,8/23/2023
994,8,43,4988.28,1/14/2025
995,23,663,5102.08,4/13/2023
996,14,4,13326.38,4/3/2023
997,15,9,38209.52,12/8/2024
998,50,417,6513.13,7/15/2023
999,30,530,35477.8,7/26/2025
1000,34,1628,14083.02,3/4/2026
