purchase_order_id,company_name,purchase_order_amount,purchase_order_date
1,Quinu,206721.04,4/16/2023
2,Realfire,241894.67,10/13/2024
3,Jayo,233518.95,3/17/2024
4,Feedmix,396220.76,6/1/2025
5,Podcat,494788.29,8/17/2024
6,Oyondu,446309.84,9/25/2023
7,Rhyloo,16111.95,1/25/2025
8,Edgewire,251077.63,2/26/2026
9,Tagcat,293231.34,3/2/2024
10,Blognation,239214.38,7/3/2024
11,Pixope,497303.76,10/12/2024
12,Livetube,252088.0,8/4/2024
13,Divanoodle,43901.97,4/14/2025
14,Quaxo,321461.91,3/23/2025
15,Oyondu,424166.59,3/14/2026
16,Mita,95334.06,2/16/2026
17,Ntags,71510.27,11/18/2024
18,Skiptube,46019.45,9/27/2023
19,Vipe,347687.81,3/2/2026
20,Oyoloo,295436.61,7/2/2024
21,Dynava,382657.07,11/25/2025
22,Gabtune,358921.09,11/4/2024
23,Kwideo,29482.99,9/29/2024
24,Dablist,18897.14,4/24/2023
25,Photobug,310227.44,4/26/2024
26,Voonyx,165960.6,3/17/2026
27,Abata,63348.76,8/9/2025
28,Buzzshare,37800.5,3/21/2024
29,Bluejam,370109.39,10/31/2025
30,Kamba,309026.93,11/20/2023
31,Miboo,197478.72,8/15/2024
32,Tagpad,94379.77,2/8/2026
33,Kwimbee,55279.38,1/20/2024
34,Divape,161586.05,3/24/2024
35,Skilith,196580.53,1/2/2025
36,Livetube,280347.59,3/23/2025
37,Yozio,250651.53,1/3/2026
38,Voonyx,218717.6,10/21/2025
39,Aimbu,470864.19,10/10/2024
40,Browsedrive,463258.35,6/3/2025
41,Kare,20837.17,3/26/2025
42,Yakidoo,396910.99,3/1/2024
43,Demimbu,297431.0,7/18/2025
44,Linklinks,285744.95,10/25/2025
45,Skajo,166767.42,6/25/2023
46,Oyope,314847.2,5/30/2024
47,Devshare,173969.24,5/21/2026
48,Zoomlounge,229127.45,1/22/2025
49,Agimba,470629.33,1/7/2023
50,Lazzy,35575.37,9/2/2025
51,Zooveo,356397.75,5/19/2025
52,Skyble,354229.15,4/9/2025
53,Thoughtmix,26362.35,6/3/2024
54,Quatz,36539.39,1/7/2026
55,Skidoo,487358.92,10/28/2025
56,Photofeed,424207.01,3/2/2024
57,Divape,63185.45,8/18/2024
58,Realblab,234521.07,12/5/2024
59,Avavee,403043.77,3/8/2023
60,Youtags,31904.68,7/18/2025
61,Zoomlounge,400562.53,3/15/2025
62,Skalith,95086.86,3/13/2026
63,Dynabox,201431.44,9/3/2023
64,Yakidoo,455639.08,6/17/2023
65,Jabbersphere,77170.91,3/15/2023
66,Minyx,272936.32,5/3/2025
67,Camimbo,258287.03,4/8/2025
68,Livetube,349777.18,4/1/2025
69,Muxo,497567.85,1/24/2025
70,Photofeed,456271.55,3/19/2025
71,Skiptube,468997.0,7/13/2023
72,Shuffletag,97898.51,4/2/2025
73,Thoughtworks,309382.57,6/30/2023
74,Meeveo,188250.42,11/28/2024
75,Edgepulse,402649.6,6/28/2025
76,Divape,334153.96,9/20/2024
77,Divavu,366906.69,2/20/2023
78,Talane,353250.79,9/8/2023
79,Viva,367071.76,6/16/2025
80,Thoughtmix,304370.82,3/18/2024
81,Cogibox,71790.16,2/27/2023
82,Tagtune,94164.65,3/12/2026
83,Tazzy,315771.39,7/1/2023
84,Browsecat,154730.71,7/25/2023
85,Meedoo,197558.06,10/27/2025
86,Tavu,247048.9,10/27/2024
87,Lazz,174439.68,6/19/2023
88,Jayo,425260.05,11/29/2025
89,Yamia,195860.09,10/31/2024
90,Einti,84031.22,3/12/2025
91,Reallinks,371320.36,8/25/2025
92,Quatz,186295.73,3/30/2025
93,Thoughtstorm,56626.97,8/21/2023
94,Quinu,134490.29,12/13/2024
95,Katz,231412.58,9/17/2025
96,Bubblebox,131741.38,1/20/2023
97,Jetpulse,67789.98,5/11/2025
98,Skinder,354230.75,12/24/2025
99,Voomm,92436.02,5/19/2026
100,Linkbuzz,15906.86,4/4/2026
101,Eare,108070.58,10/5/2024
102,Shufflester,230286.15,2/15/2025
103,Voolia,462301.86,2/21/2024
104,InnoZ,86825.82,5/29/2024
105,Avamm,39889.2,11/14/2023
106,Flashdog,256036.37,1/26/2023
107,Innojam,264113.67,5/1/2023
108,Brainsphere,62541.4,9/7/2024
109,Browsezoom,197800.17,7/15/2024
110,LiveZ,265175.68,3/7/2024
111,Divape,149583.77,9/25/2023
112,Oozz,389911.71,2/3/2024
113,Topicstorm,99530.39,10/21/2024
114,Topicblab,130558.67,9/2/2024
115,Babbleset,162354.02,12/9/2024
116,Omba,60652.77,7/13/2025
117,Photobug,227043.36,7/28/2023
118,Geba,404676.38,12/12/2023
119,Oyoba,408596.03,2/14/2025
120,Demizz,131075.74,9/11/2023
121,Meetz,435119.14,2/24/2024
122,Jabberstorm,59576.22,6/12/2025
123,Camimbo,445564.98,3/10/2025
124,Bubblebox,201078.02,2/2/2023
125,Twinder,115215.59,9/21/2024
126,Twitterlist,52261.24,2/7/2025
127,Meeveo,147221.27,11/16/2024
128,Avaveo,213010.9,5/15/2026
129,Brainverse,14274.6,4/17/2023
130,Livetube,318205.25,6/9/2023
131,Voomm,408402.91,4/16/2025
132,Oyoloo,278316.68,6/3/2023
133,Dabfeed,166903.82,2/7/2026
134,Topicblab,229187.06,3/18/2023
135,Quaxo,200640.08,12/23/2024
136,Wordify,430810.51,2/24/2026
137,Voonte,319952.02,7/13/2025
138,Tagtune,285093.91,9/18/2023
139,Jabbersphere,454166.14,3/16/2025
140,Twitterworks,261959.95,4/27/2025
141,Flashpoint,84808.15,7/17/2025
142,Zava,67934.21,6/8/2024
143,Realfire,198216.59,4/26/2023
144,Photobug,360613.77,8/9/2024
145,Yombu,178607.17,2/25/2023
146,Twitterworks,339301.1,1/26/2026
147,Quatz,451701.01,6/29/2025
148,Twitterbeat,239704.2,11/29/2024
149,Rooxo,189154.69,2/19/2024
150,Tagcat,319731.04,8/10/2025
151,Vidoo,130474.62,1/1/2025
152,Jaxnation,444178.9,6/30/2025
153,Ntag,325143.34,7/20/2023
154,Thoughtworks,468496.93,7/27/2024
155,Agimba,116067.99,10/26/2024
156,Meevee,333336.78,4/26/2023
157,Linkbuzz,138049.74,9/14/2025
158,Browsezoom,387261.78,6/13/2024
159,Meejo,57946.37,4/11/2025
160,Realcube,203891.36,7/25/2023
161,Flashset,402792.75,9/14/2025
162,Brainbox,230482.23,8/11/2025
163,Babbleset,149704.64,10/21/2023
164,Eimbee,242757.4,4/30/2024
165,Aivee,486339.12,6/7/2025
166,Meevee,77732.8,5/7/2024
167,Feedspan,230272.46,7/18/2024
168,Zoonder,126451.23,2/15/2025
169,Snaptags,378252.97,12/18/2025
170,Avavee,496972.39,5/23/2024
171,Ntags,166376.52,4/14/2025
172,Dynazzy,23690.87,1/22/2023
173,Gabvine,351472.39,9/9/2025
174,Photobean,235361.25,7/7/2023
175,Oodoo,118582.96,11/10/2024
176,Eimbee,352620.82,2/9/2025
177,Oyope,329595.72,1/27/2023
178,Kanoodle,436253.27,8/21/2025
179,Wordtune,406709.39,10/9/2023
180,Voolia,429859.7,8/6/2023
181,Aimbo,373250.37,9/27/2024
182,Yodo,464740.62,1/18/2025
183,Kwimbee,130469.37,7/12/2025
184,Meejo,48454.51,2/24/2025
185,Cogilith,371638.04,7/29/2025
186,Trilith,133906.06,9/12/2023
187,Realblab,75755.9,2/11/2023
188,Devify,80495.14,1/3/2023
189,Jayo,197803.56,4/30/2025
190,Devpoint,237717.83,11/12/2025
191,Meejo,233748.3,5/7/2025
192,Fiveclub,375735.98,5/7/2025
193,Twiyo,204200.26,2/23/2026
194,Photolist,412870.09,9/22/2024
195,Trunyx,46519.16,2/25/2023
196,Browsetype,309786.16,10/5/2024
197,Twitterbridge,20752.34,3/17/2023
198,Avavee,26979.15,5/25/2026
199,Ntags,208427.9,5/4/2023
200,Rhyloo,333111.2,5/6/2023
201,Eire,117293.49,3/24/2024
202,Kare,171274.18,11/1/2024
203,Jaxbean,333540.88,6/7/2025
204,Twiyo,287974.8,3/10/2024
205,Blogtags,396414.54,9/14/2025
206,Avamm,249408.86,10/23/2025
207,Skiba,496979.89,2/8/2024
208,Zoomzone,364839.7,2/11/2025
209,Ailane,107013.51,12/22/2025
210,Devshare,166425.24,6/16/2025
211,Yombu,273019.63,2/10/2026
212,Mybuzz,213356.7,3/5/2025
213,Agivu,476113.68,7/7/2024
214,Aibox,436661.75,4/12/2023
215,Chatterbridge,410215.73,3/1/2026
216,Innotype,163585.36,5/15/2025
217,Meevee,219638.65,4/10/2025
218,Lazz,370266.31,3/30/2025
219,Rooxo,205234.43,4/8/2024
220,Oyonder,217491.26,2/16/2026
221,Yamia,164500.24,7/5/2025
222,Wordify,476878.97,6/9/2025
223,Katz,408809.03,1/27/2025
224,Latz,406229.12,6/25/2025
225,Skyndu,119434.28,7/22/2025
226,Kaymbo,353157.1,5/7/2025
227,Browsezoom,366774.93,1/18/2023
228,Mudo,158197.37,1/27/2025
229,Voonix,101000.98,8/24/2023
230,Shufflester,377102.1,4/25/2026
231,Yakijo,443833.43,5/20/2023
232,Brainverse,190032.57,12/28/2023
233,Twitterwire,416832.96,4/22/2023
234,Fadeo,205055.12,10/7/2025
235,Twimbo,166367.49,8/1/2025
236,Trilia,224539.2,10/16/2025
237,Twitterbridge,255380.46,2/15/2023
238,Divanoodle,85135.21,11/12/2023
239,Gigazoom,453937.1,1/31/2024
240,Trilith,227329.35,9/21/2023
241,Eadel,112497.75,11/8/2024
242,Yozio,143484.72,4/11/2023
243,Yata,454517.68,1/15/2026
244,Tambee,173758.96,2/24/2026
245,Realbridge,22943.96,7/6/2025
246,Zazio,288153.53,11/22/2025
247,Dynabox,369231.49,1/21/2026
248,Rhybox,428748.46,8/22/2024
249,Flipopia,223755.28,6/20/2023
250,Zoomcast,196342.45,6/10/2024
251,Thoughtbeat,164800.18,10/6/2023
252,Katz,76225.1,10/20/2025
253,Devbug,220279.96,7/26/2024
254,Roombo,115951.67,9/13/2024
255,Buzzdog,372797.27,5/18/2024
256,Babbleopia,100582.64,8/16/2023
257,Brightbean,188726.3,12/24/2025
258,Ntag,66314.49,7/23/2025
259,Chatterpoint,138851.84,3/16/2025
260,Eire,286738.66,8/18/2023
261,Mybuzz,351163.77,6/23/2023
262,Npath,429309.93,5/21/2024
263,LiveZ,29873.16,4/27/2025
264,Avamba,351161.98,8/17/2025
265,Blogtags,301176.05,10/27/2024
266,Jazzy,269615.48,6/26/2023
267,Mydeo,382031.14,5/19/2023
268,Leenti,328585.68,2/13/2025
269,Shuffledrive,59365.96,12/28/2024
270,Fatz,109358.42,4/17/2026
271,Twiyo,191267.61,5/8/2023
272,Edgewire,342494.16,12/17/2023
273,Thoughtstorm,493409.06,2/25/2025
274,Edgepulse,203549.93,6/22/2024
275,Quatz,290912.65,11/20/2024
276,Youopia,100879.73,8/10/2025
277,Photobug,35779.52,11/16/2024
278,Brainverse,169470.93,2/9/2025
279,Meezzy,413974.05,2/2/2025
280,Flashdog,256989.09,2/27/2026
281,Dabfeed,323110.57,3/5/2024
282,Skipfire,117623.5,12/12/2024
283,Ailane,483206.92,12/28/2024
284,Wordpedia,246725.8,1/2/2024
285,Meetz,122103.27,11/30/2025
286,Oyope,185943.07,3/10/2023
287,Shuffletag,161394.6,1/23/2026
288,Flipstorm,321443.71,10/7/2024
289,Vidoo,408011.71,1/16/2025
290,Yadel,33685.32,5/16/2026
291,Dynabox,18838.41,10/16/2025
292,Mita,253565.41,3/20/2026
293,Rhynyx,461910.12,2/18/2026
294,Feedfire,27772.32,1/13/2026
295,Meetz,400166.96,10/7/2025
296,Linklinks,305569.63,5/25/2024
297,Thoughtblab,462903.02,5/4/2026
298,Leexo,215307.04,12/8/2025
299,Browsebug,142804.24,5/30/2025
300,Thoughtworks,90920.64,9/10/2025
301,Gabvine,126039.76,5/19/2025
302,Cogilith,39734.62,5/16/2023
303,Trilia,442950.82,4/28/2024
304,Jaxnation,108362.59,4/3/2025
305,Youspan,46396.84,2/24/2023
306,Meevee,496078.57,4/8/2026
307,Ozu,136962.41,7/9/2023
308,Trunyx,359109.33,5/29/2023
309,Demivee,308917.24,11/2/2025
310,Skyble,44085.33,8/31/2024
311,Babbleblab,238046.3,9/12/2023
312,Realbridge,224885.54,2/2/2023
313,Quinu,379217.35,3/23/2025
314,Riffpedia,197006.82,9/18/2023
315,Feedbug,197290.32,9/13/2025
316,Brainsphere,331704.01,4/28/2024
317,Bubblemix,41599.98,7/25/2024
318,Kaymbo,131156.4,4/8/2024
319,Meembee,254645.26,6/9/2024
320,Fanoodle,194390.99,6/2/2024
321,Plambee,114517.78,2/14/2026
322,Pixope,466405.29,11/21/2025
323,Zooxo,479581.53,6/28/2023
324,Camimbo,418620.68,3/12/2026
325,Abata,147506.04,12/1/2023
326,Bluezoom,258114.08,11/11/2025
327,Gabtune,272418.8,10/19/2025
328,Avavee,62521.74,4/28/2023
329,Quatz,217825.86,12/14/2025
330,Topicshots,472781.11,10/27/2024
331,Oozz,92427.5,2/7/2024
332,Skidoo,75026.86,10/27/2025
333,Browseblab,408218.15,5/22/2025
334,Ailane,319761.87,6/11/2024
335,Ooba,322908.15,1/4/2024
336,Tagfeed,126142.32,2/23/2023
337,Skyvu,99055.34,3/30/2023
338,Kazio,143059.89,2/23/2025
339,Ailane,185821.52,5/10/2024
340,Gigazoom,439860.43,5/1/2025
341,Mynte,301871.62,8/26/2025
342,Quinu,204814.94,5/24/2025
343,Eidel,346848.19,10/30/2025
344,Mynte,444215.09,6/9/2024
345,Eimbee,494544.99,10/30/2023
346,Riffwire,105158.15,9/28/2023
347,Wikivu,328792.69,3/6/2025
348,Jetpulse,241716.4,11/27/2025
349,Ailane,236804.82,1/22/2023
350,Meedoo,480334.43,1/8/2024
351,Zava,405423.92,8/8/2023
352,Quinu,398422.19,3/12/2026
353,Livefish,167938.33,3/2/2025
354,Demimbu,19529.75,6/1/2025
355,Avamba,259500.71,5/7/2025
356,Skajo,446802.56,1/4/2025
357,Photofeed,70017.61,2/15/2026
358,Reallinks,337744.46,10/17/2024
359,Zoonoodle,448950.65,10/11/2025
360,Browsedrive,333833.32,6/30/2024
361,Brainlounge,219040.04,8/29/2025
362,Centidel,216858.22,11/9/2025
363,Realmix,350185.84,5/1/2023
364,Innotype,144592.66,9/7/2025
365,Zooveo,94717.61,7/8/2023
366,Yakijo,53390.88,4/25/2026
367,Livetube,464468.29,6/22/2025
368,Photolist,280821.36,1/17/2025
369,Podcat,26636.75,3/4/2025
370,Avavee,218119.4,4/24/2026
371,Skipstorm,474290.62,11/23/2024
372,Babbleblab,123234.02,1/7/2024
373,Feedbug,109766.02,10/22/2025
374,Twitterworks,197494.04,12/9/2025
375,Yotz,407437.11,11/20/2023
376,Flashdog,207326.77,12/18/2023
377,Quimba,42368.33,7/14/2025
378,Demimbu,17858.43,8/29/2024
379,Meevee,41071.13,2/1/2025
380,Blogtags,493783.59,3/26/2024
381,Kamba,102227.67,3/6/2026
382,Trilia,348646.33,3/8/2026
383,Skinder,168803.07,3/12/2024
384,Quinu,382600.3,3/28/2023
385,Camido,447400.57,5/11/2025
386,Eimbee,98237.96,10/19/2024
387,Voonder,150295.67,7/13/2023
388,Yabox,398628.97,12/23/2025
389,Oyope,45407.07,1/9/2023
390,Leenti,392855.51,8/27/2025
391,Photobug,313252.86,9/21/2023
392,Podcat,324040.34,3/17/2024
393,Skippad,363358.8,9/2/2025
394,Browsebug,348615.07,8/23/2025
395,Kwinu,374581.26,3/1/2025
396,Buzzshare,327840.15,7/1/2023
397,Quinu,167305.26,12/27/2025
398,Cogilith,127015.09,4/19/2023
399,Yadel,307596.96,3/1/2024
400,Linktype,489855.89,6/22/2024
401,Youopia,174519.39,11/2/2023
402,Agimba,493296.88,6/4/2023
403,Thoughtstorm,138068.72,3/23/2025
404,Pixoboo,320823.93,5/22/2024
405,Buzzshare,489468.88,1/29/2025
406,Blogspan,285197.38,2/21/2026
407,Feedspan,28505.54,10/24/2025
408,Wikido,273602.24,2/6/2023
409,Vipe,357766.76,7/5/2025
410,Wikido,139050.26,4/1/2026
411,Buzzdog,40800.69,7/10/2025
412,Browsecat,193186.45,4/9/2025
413,Quimba,383005.69,5/16/2025
414,Mynte,104490.26,11/10/2023
415,Gabtune,443896.09,12/10/2023
416,Skynoodle,142787.99,11/25/2025
417,Devpulse,98361.08,11/18/2025
418,Babbleset,325309.24,9/26/2024
419,Roombo,128967.3,8/7/2023
420,Jaloo,204360.08,1/7/2026
421,Zoomcast,378154.6,5/27/2025
422,Twitterbridge,148888.83,5/24/2024
423,Rhycero,310463.21,10/30/2023
424,Twinte,69784.18,4/18/2023
425,Zoonder,424510.09,4/29/2024
426,Thoughtbeat,438689.8,1/5/2025
427,Kazio,253128.5,5/25/2026
428,Photobean,436344.22,4/4/2025
429,Gabtype,347995.15,10/4/2023
430,Wikido,301375.59,11/13/2025
431,Riffpath,107365.2,10/22/2024
432,Photofeed,44075.84,3/7/2023
433,Browsedrive,456392.48,4/22/2024
434,Thoughtbridge,91746.83,12/2/2023
435,Feednation,53572.07,5/11/2024
436,Riffpedia,21330.09,7/8/2024
437,Wordpedia,41815.11,3/24/2024
438,Edgetag,102615.43,10/28/2023
439,Trudeo,495838.91,3/15/2025
440,Gabtype,421993.45,9/17/2025
441,Kamba,20455.61,5/17/2023
442,Shufflebeat,408340.73,5/11/2024
443,Jabberstorm,499970.37,12/2/2023
444,Tagtune,121862.15,8/19/2025
445,Wikizz,78151.75,8/6/2025
446,Flashpoint,201892.78,1/8/2023
447,Bubblemix,461684.08,1/6/2024
448,Flashspan,334717.7,6/22/2023
449,Aimbo,374640.66,3/20/2023
450,Skimia,253770.35,6/5/2024
451,Aimbu,470143.38,10/1/2023
452,Dynava,462084.5,6/5/2025
453,Feedbug,189352.69,3/17/2023
454,Oyope,190291.44,8/28/2024
455,Camimbo,323560.13,12/7/2025
456,Dynava,113996.24,3/8/2023
457,Skaboo,216056.21,2/18/2025
458,Realcube,341987.0,4/15/2026
459,Edgewire,72987.1,8/29/2023
460,Topiczoom,366306.33,6/28/2023
461,Yakijo,181247.29,11/6/2023
462,Plajo,229452.82,9/30/2025
463,Abata,159333.9,7/18/2023
464,Myworks,226965.9,11/2/2025
465,Zava,437453.34,12/4/2024
466,Meembee,165803.03,1/23/2023
467,Centidel,144496.61,11/16/2025
468,Leexo,81977.39,8/16/2025
469,Yakijo,449054.91,5/24/2023
470,Riffwire,160072.59,12/24/2024
471,Roodel,378499.55,7/18/2024
472,Bubbletube,129052.2,3/10/2024
473,Brainsphere,457795.52,5/21/2026
474,Trunyx,270560.59,5/12/2024
475,Digitube,362147.79,4/11/2026
476,Centidel,127482.69,5/4/2026
477,Yoveo,148948.61,9/22/2024
478,Babbleset,204389.95,4/2/2026
479,Feedfish,238368.51,12/31/2025
480,Rhynyx,241587.24,6/12/2023
481,Janyx,147804.94,10/23/2025
482,Blogpad,290279.57,5/10/2026
483,Oozz,384427.45,3/1/2024
484,Gabspot,212444.89,6/11/2025
485,Blogtag,398382.36,2/13/2026
486,Realblab,49777.8,12/27/2025
487,Chatterpoint,200884.69,6/27/2023
488,Skinix,125075.58,3/20/2024
489,Zooveo,368181.13,5/27/2025
490,Rhyloo,179069.28,1/5/2026
491,Eayo,122244.03,3/5/2024
492,Skynoodle,255709.17,1/11/2026
493,Babblestorm,202634.76,8/14/2023
494,Photolist,59910.81,7/27/2023
495,Browsetype,123653.64,4/28/2024
496,Avavee,220438.89,7/23/2023
497,Realblab,260130.53,11/9/2025
498,Browsetype,17513.17,10/19/2024
499,Viva,82409.52,4/19/2023
500,Photobean,498111.51,11/18/2025
501,Snaptags,434992.01,5/15/2026
502,Tagfeed,411777.77,6/18/2025
503,Dabjam,401855.23,5/14/2023
504,Vinte,60838.22,4/30/2025
505,Tavu,389559.4,5/12/2024
506,Wikibox,396045.25,3/23/2023
507,Linkbridge,457588.89,6/9/2024
508,Kamba,401201.63,2/7/2025
509,Browsetype,435657.07,4/10/2024
510,Pixoboo,447915.58,12/19/2025
511,Minyx,193910.76,3/27/2026
512,Teklist,462938.46,8/6/2024
513,Buzzbean,115250.94,11/20/2023
514,LiveZ,371965.61,2/4/2025
515,Divavu,267764.94,12/28/2025
516,Skinix,228739.49,5/25/2026
517,Latz,195697.26,9/11/2023
518,Riffwire,97795.72,2/18/2024
519,Shuffledrive,19329.83,8/22/2024
520,Riffpath,136598.81,9/2/2023
521,Midel,445581.65,10/4/2025
522,Leenti,68221.3,1/30/2023
523,Feedfire,257058.59,7/17/2024
524,Twiyo,115737.44,5/23/2023
525,Leexo,37313.22,10/3/2025
526,Brainbox,267806.84,4/3/2023
527,Jabberbean,253142.89,2/1/2023
528,Voomm,172023.06,5/8/2023
529,Meejo,245561.82,12/8/2025
530,Rhynoodle,417542.92,8/28/2024
531,Yamia,262253.76,3/15/2026
532,Quinu,255073.79,10/30/2023
533,Plambee,430507.02,7/6/2024
534,Gevee,326958.44,8/12/2023
535,Vinder,61234.32,1/28/2024
536,Avavee,40291.43,5/14/2026
537,Trupe,383848.53,7/28/2023
538,Quire,410061.75,7/16/2025
539,Realpoint,471174.04,11/28/2023
540,Vitz,155007.27,12/21/2023
541,Brainsphere,127702.65,3/18/2025
542,Quire,309822.28,3/23/2025
543,Twinte,215611.88,4/5/2025
544,Photobug,99803.25,11/12/2024
545,Fadeo,174636.08,6/21/2025
546,Vinte,180495.52,5/29/2025
547,Tagchat,357357.4,10/31/2025
548,Jabberstorm,251818.96,5/1/2026
549,Kwideo,239795.89,8/20/2025
550,Vitz,357360.12,9/5/2024
551,Rhybox,56832.34,2/20/2024
552,Voonte,276048.46,1/28/2026
553,Bubblemix,465026.37,8/16/2023
554,Meevee,311071.64,1/16/2025
555,Flashdog,376931.9,1/3/2025
556,Jaxnation,154488.78,11/23/2023
557,Mycat,343548.73,12/6/2024
558,Eimbee,179680.16,3/6/2024
559,Zoombeat,250251.53,2/8/2024
560,Twinte,36737.49,11/3/2025
561,Trupe,137960.62,12/15/2024
562,BlogXS,181983.52,3/12/2026
563,Skinder,379835.04,3/7/2024
564,Zoomcast,235613.67,3/19/2026
565,Thoughtmix,296760.14,9/25/2024
566,Abatz,268825.42,6/19/2023
567,Reallinks,130269.19,11/13/2024
568,Realblab,484753.15,4/3/2023
569,Chatterbridge,453818.35,5/14/2025
570,Jayo,85260.61,3/8/2025
571,Linkbridge,428516.5,1/4/2024
572,Fivechat,206966.18,11/12/2024
573,Gigazoom,361984.13,8/26/2024
574,Digitube,428658.03,10/31/2025
575,Aimbu,383661.14,3/25/2023
576,Devcast,118612.39,7/17/2024
577,Teklist,352280.99,8/23/2025
578,Centizu,379178.51,9/18/2024
579,Wikivu,231470.41,3/19/2024
580,Roodel,26163.51,8/8/2025
581,Dabfeed,341135.66,10/17/2025
582,Jabberbean,425515.57,3/30/2023
583,Skajo,225718.9,11/1/2025
584,Skinix,117517.99,1/23/2026
585,Babbleopia,463687.17,12/30/2024
586,Linktype,148103.41,9/10/2023
587,Twitternation,168943.03,1/4/2024
588,Livepath,354402.25,7/27/2025
589,Voonder,12476.64,3/31/2023
590,Skyba,92547.29,12/1/2024
591,Leenti,233674.68,2/20/2025
592,Trupe,99043.85,7/7/2024
593,Gevee,110558.45,5/15/2026
594,Skibox,381517.32,7/7/2023
595,Geba,139315.01,2/28/2026
596,Twitterbeat,333400.83,12/20/2023
597,Meemm,99513.8,5/10/2024
598,Twitterwire,381008.03,11/1/2025
599,Brainlounge,260654.07,6/14/2023
600,Fivespan,434679.47,5/12/2024
601,Talane,173883.92,1/21/2026
602,Wikido,197302.27,4/29/2023
603,Jabbersphere,420547.79,1/4/2024
604,Devify,446199.73,2/4/2024
605,Wikido,400676.08,9/17/2025
606,Jamia,194012.38,11/17/2024
607,Skimia,221325.03,5/5/2024
608,Eidel,254893.99,10/9/2025
609,Meevee,83499.86,7/18/2023
610,Oyoloo,459375.39,6/7/2024
611,Fatz,380415.15,3/22/2024
612,Miboo,351925.84,7/12/2025
613,Eazzy,28951.59,4/4/2026
614,Tagchat,445922.25,5/30/2023
615,Skyba,332995.69,9/1/2023
616,Zoonder,241991.08,11/1/2025
617,Jaloo,24693.51,10/29/2025
618,Thoughtblab,478316.14,2/19/2025
619,Wikizz,35592.17,11/5/2025
620,Trudeo,287135.38,8/27/2024
621,Camido,475612.24,9/17/2023
622,Kwimbee,204943.54,6/19/2025
623,Shufflester,272619.64,1/9/2026
624,Jaxnation,243399.33,12/3/2024
625,Flipopia,20628.29,2/7/2023
626,Agimba,214843.74,5/24/2023
627,Bubblebox,50877.31,1/3/2024
628,Fadeo,279727.44,1/9/2023
629,Blogtags,195441.57,11/25/2025
630,Tagcat,474318.42,12/9/2023
631,Ntags,131215.73,2/10/2025
632,Buzzster,498268.52,3/30/2025
633,Divanoodle,139394.7,12/7/2024
634,Izio,36189.59,12/4/2024
635,Zoozzy,332365.24,7/3/2024
636,Nlounge,436069.24,6/30/2024
637,Kwimbee,233428.45,10/21/2024
638,Jazzy,185527.46,6/19/2023
639,Edgetag,370879.09,12/2/2024
640,Skalith,81739.34,8/20/2025
641,Divape,176654.74,4/22/2025
642,Vinder,479902.1,4/14/2024
643,Voonyx,39927.08,2/2/2023
644,Devbug,164519.73,10/20/2025
645,Realcube,10188.18,12/10/2025
646,Bubbletube,132027.25,4/15/2024
647,Gabvine,33663.96,4/10/2024
648,Feednation,121045.51,3/24/2024
649,Jabberbean,146222.6,9/28/2024
650,LiveZ,264784.65,1/17/2026
651,Centizu,431662.54,12/14/2024
652,Buzzdog,496896.26,4/23/2025
653,Skipfire,391862.53,10/7/2025
654,Zoomlounge,129783.11,3/6/2026
655,Zava,240539.15,5/19/2024
656,Livepath,407148.19,6/14/2023
657,Twitterlist,86067.22,5/7/2026
658,Mynte,56568.69,7/17/2024
659,Ozu,232859.26,8/15/2024
660,Tanoodle,443932.0,12/19/2024
661,Podcat,101935.02,11/12/2023
662,Realblab,370376.32,2/6/2025
663,Rhycero,443326.78,1/17/2025
664,Ntags,453399.56,1/15/2024
665,Browsedrive,114583.2,7/8/2025
666,Tagfeed,490513.44,4/2/2023
667,Quimba,44180.15,3/17/2025
668,Demimbu,493778.47,7/27/2024
669,Meembee,273059.56,10/12/2024
670,Dabtype,399591.87,2/18/2025
671,Bluezoom,165372.03,5/15/2026
672,Myworks,52959.03,6/14/2025
673,Fivechat,473726.24,8/31/2025
674,Flashset,489297.8,12/20/2025
675,Linktype,387929.28,5/6/2023
676,Edgewire,398555.16,4/3/2026
677,Ooba,319788.98,5/7/2024
678,Tekfly,185919.79,8/18/2023
679,Eamia,366054.83,7/12/2023
680,Omba,279827.54,4/13/2023
681,Oba,70088.54,3/8/2023
682,Camimbo,185210.94,8/26/2025
683,Meedoo,266113.5,2/22/2023
684,Feednation,300492.58,5/28/2025
685,Latz,270694.08,9/2/2023
686,Latz,254214.46,7/27/2025
687,Realfire,341526.57,6/23/2025
688,Fanoodle,135497.19,2/10/2024
689,Ntags,208289.7,11/14/2023
690,Dabfeed,219606.12,11/4/2023
691,Photospace,46957.21,10/13/2025
692,Eamia,99989.63,12/6/2023
693,Skipfire,496508.85,5/8/2024
694,Twinder,79420.72,3/7/2023
695,Twimbo,260541.14,5/26/2025
696,Gigashots,53035.96,4/25/2024
697,Dabfeed,149842.39,3/25/2023
698,Dynabox,201359.11,1/28/2025
699,Jazzy,249702.96,4/14/2023
700,Innojam,102106.18,3/10/2025
701,Topicstorm,359537.17,12/30/2024
702,Yodoo,193040.52,1/31/2023
703,Youspan,369228.82,12/27/2025
704,Tekfly,328059.88,12/12/2023
705,Divanoodle,149517.22,3/21/2024
706,Yozio,21300.52,4/3/2024
707,Kimia,414195.09,10/30/2025
708,Trudoo,11620.33,4/23/2023
709,InnoZ,237187.59,1/30/2025
710,Roomm,348371.38,8/20/2024
711,Fivespan,478335.38,1/1/2023
712,Photolist,266730.34,6/11/2025
713,Dynabox,466989.37,11/11/2025
714,Browsecat,414036.96,3/20/2024
715,Wikizz,68681.04,1/7/2023
716,Ntag,476513.87,8/5/2024
717,Yodoo,265587.39,9/16/2024
718,Skimia,326356.29,6/6/2024
719,Kamba,287334.04,2/22/2024
720,Jatri,331142.31,5/6/2023
721,Shufflebeat,78599.45,3/1/2025
722,Mymm,286403.06,1/14/2025
723,Yoveo,56769.1,7/17/2023
724,Yabox,346352.74,7/3/2025
725,Plambee,303067.72,12/11/2025
726,Brainbox,359880.03,6/3/2024
727,Talane,62218.78,9/18/2023
728,Realpoint,325449.44,4/8/2026
729,Roombo,74039.79,1/8/2025
730,Bubbletube,156335.71,8/13/2023
731,Flipbug,151399.51,4/24/2024
732,Teklist,257577.26,6/21/2023
733,Agimba,408623.78,5/12/2026
734,Jabbertype,487722.43,11/7/2025
735,Quimm,45826.01,2/22/2024
736,Gigazoom,310332.44,4/21/2025
737,Demivee,474935.11,4/2/2025
738,Quamba,197067.09,8/15/2024
739,Livepath,53255.1,5/10/2025
740,Shufflebeat,242967.91,10/20/2024
741,Aivee,338251.97,11/27/2024
742,Meeveo,231344.22,11/2/2024
743,Zoombox,422899.14,8/16/2024
744,JumpXS,21219.01,6/1/2025
745,Yodoo,454465.08,1/1/2026
746,Tazz,450737.89,4/25/2023
747,Quimm,70232.83,2/9/2023
748,Devshare,343565.36,11/17/2025
749,Fivespan,233927.71,6/11/2024
750,Vipe,283458.98,3/18/2025
751,Trupe,129444.57,9/13/2025
752,Jetwire,213200.05,11/11/2025
753,Miboo,112798.21,1/16/2025
754,Oloo,385284.64,2/14/2026
755,Skivee,97351.01,11/14/2023
756,Linkbuzz,253796.21,2/14/2024
757,Gigashots,308662.75,3/15/2026
758,Katz,277635.23,11/25/2023
759,Twinte,380709.64,3/8/2025
760,Leenti,498771.67,7/5/2024
761,Edgewire,323641.71,2/27/2025
762,Riffpath,139682.93,3/20/2026
763,Realcube,65179.77,6/12/2024
764,Linklinks,279116.02,4/16/2026
765,Flashdog,467391.91,6/11/2023
766,Tagtune,13561.29,6/13/2023
767,Tanoodle,40046.16,8/10/2025
768,Ooba,193039.4,1/9/2026
769,Yadel,81072.99,1/7/2024
770,Youspan,124323.96,2/2/2024
771,Rhycero,109910.42,3/23/2025
772,Rhybox,228694.38,1/10/2024
773,Bubbletube,419709.67,4/4/2023
774,Skippad,401926.55,1/23/2024
775,Mymm,488723.42,6/6/2023
776,Centizu,295564.69,12/18/2025
777,Leenti,204047.59,6/11/2024
778,Youspan,448404.13,2/24/2025
779,Fiveclub,319072.58,11/16/2024
780,BlogXS,201943.14,7/20/2025
781,Yambee,229642.43,9/10/2023
782,Twitternation,261971.51,9/6/2025
783,Wordify,80535.15,11/21/2024
784,Topicshots,331854.62,6/9/2025
785,Zoomzone,380226.79,9/15/2025
786,Pixoboo,123546.1,4/28/2025
787,Skidoo,307960.01,1/15/2025
788,Skyvu,225465.53,1/13/2023
789,Fadeo,282734.23,3/5/2025
790,Twitterbridge,207787.34,3/28/2025
791,Eare,380751.98,2/6/2024
792,Browsecat,243517.28,5/29/2024
793,Kazu,441046.36,10/20/2024
794,Oyoba,266720.72,1/8/2023
795,Meembee,88070.97,4/17/2024
796,Brightbean,494850.12,11/15/2023
797,Jaxnation,71342.4,6/2/2023
798,Jayo,488262.96,7/23/2023
799,Zoonoodle,102853.79,12/15/2025
800,Devify,367979.5,4/28/2026
801,Centimia,487907.34,12/24/2023
802,Gabvine,260413.46,10/15/2023
803,Realbuzz,495361.29,10/28/2025
804,Yakitri,254473.38,9/18/2025
805,Babbleopia,133091.48,12/21/2024
806,Jamia,356683.01,10/2/2023
807,Realpoint,333104.52,8/21/2024
808,Edgepulse,18241.36,3/6/2025
809,Tazzy,289257.47,8/26/2024
810,Ooba,278458.32,1/30/2026
811,Yambee,295735.44,4/18/2025
812,Wordware,71098.42,1/18/2025
813,Bubblemix,33808.14,8/28/2023
814,Thoughtstorm,284418.3,1/22/2026
815,Thoughtbeat,28614.39,11/28/2025
816,Voonder,286428.11,3/30/2026
817,Geba,349476.49,7/30/2023
818,Youtags,331243.44,10/23/2024
819,Babbleblab,253190.82,5/19/2023
820,Devbug,194913.0,4/17/2025
821,Skalith,437993.46,4/13/2025
822,Wikibox,170663.43,11/17/2023
823,Ooba,115353.01,3/27/2025
824,Babbleblab,91725.87,10/28/2025
825,Buzzdog,201666.19,12/18/2024
826,Trudeo,192107.62,1/6/2026
827,Abata,52318.78,3/13/2026
828,Thoughtworks,397588.57,1/16/2023
829,Ooba,15969.52,7/19/2025
830,Twitterbeat,231054.0,11/25/2023
831,Nlounge,367401.27,8/29/2025
832,Thoughtsphere,283067.79,2/15/2024
833,Dabvine,465415.74,8/29/2023
834,Zoomcast,108755.18,12/13/2025
835,Babbleset,174097.99,3/2/2026
836,Jabbertype,184275.74,7/15/2025
837,Voonyx,407251.01,2/22/2026
838,Katz,269626.61,9/2/2023
839,Innojam,45933.54,10/22/2023
840,Buzzdog,69342.86,1/12/2025
841,Eire,186593.64,6/29/2025
842,Realcube,371917.77,9/13/2023
843,Fadeo,208222.21,9/9/2024
844,Thoughtbeat,29172.45,5/10/2023
845,Plambee,253093.13,11/20/2024
846,Kwinu,151477.78,4/28/2024
847,Meevee,499945.18,4/1/2025
848,Flashpoint,369743.03,8/7/2024
849,Meejo,346117.03,8/6/2024
850,Shuffledrive,383181.44,5/16/2025
851,Voonyx,314367.86,6/11/2024
852,Topicware,280865.69,2/7/2023
853,Yodoo,27122.37,10/27/2024
854,Mydo,483083.89,12/17/2023
855,Oloo,323416.28,12/11/2025
856,Wikizz,134092.54,10/10/2025
857,Bubblebox,325379.87,11/26/2024
858,Kaymbo,40508.59,8/9/2025
859,Katz,405003.6,7/21/2025
860,Gabcube,289175.06,10/4/2025
861,Jamia,455229.28,7/14/2025
862,Shuffletag,119575.86,2/12/2026
863,Plambee,339640.84,10/23/2025
864,Camido,206511.53,6/19/2025
865,Roombo,275407.7,1/20/2024
866,Photobug,161974.37,11/21/2024
867,Photobug,244888.25,7/14/2023
868,Lajo,164780.2,2/26/2026
869,Oyondu,432964.84,8/12/2023
870,Dazzlesphere,475608.49,4/4/2026
871,Tagfeed,477591.36,1/14/2024
872,Latz,71255.19,9/3/2023
873,Ntags,367054.56,6/14/2025
874,Abatz,354246.35,8/7/2024
875,Pixoboo,184542.07,11/4/2023
876,Trudeo,27094.94,5/16/2025
877,Flipstorm,308341.99,4/11/2024
878,Browsecat,480625.85,4/18/2026
879,Yombu,207056.13,5/23/2023
880,Camido,486108.62,1/4/2025
881,Twinder,64790.96,3/10/2026
882,Riffwire,21286.2,6/29/2023
883,Quinu,229661.84,3/31/2025
884,Buzzbean,243137.09,1/16/2026
885,Buzzster,423187.74,4/22/2024
886,Meezzy,429701.02,7/9/2025
887,Oba,106587.25,10/6/2023
888,Skyble,158409.21,11/13/2025
889,Jamia,46882.68,3/10/2025
890,Rhyzio,432786.74,4/1/2023
891,Yamia,333489.31,7/6/2025
892,Zoombox,43390.15,1/4/2023
893,Mydeo,367097.96,10/26/2024
894,Innotype,49626.54,12/25/2023
895,Bluejam,112662.11,10/15/2024
896,Wordware,226034.49,9/14/2023
897,Edgepulse,55415.61,3/8/2025
898,Jayo,25785.77,12/26/2025
899,Zoovu,115030.82,7/14/2023
900,Skiptube,55006.91,1/3/2024
901,Thoughtbridge,151387.92,2/27/2024
902,Agivu,270084.04,9/22/2025
903,Zoomcast,361299.33,12/25/2023
904,Trilith,423622.19,2/21/2024
905,Lazzy,17175.89,2/28/2023
906,Flashdog,64390.34,12/25/2025
907,Jatri,392715.7,8/20/2025
908,Browsebug,265289.8,2/11/2026
909,Blogpad,396436.59,4/21/2023
910,Topicware,149566.03,6/27/2025
911,Agimba,483617.74,4/6/2025
912,Jabbersphere,231994.1,5/18/2023
913,Wikizz,452726.22,7/22/2023
914,Devshare,170656.19,4/23/2026
915,Gevee,324772.99,4/30/2025
916,Thoughtstorm,289256.0,2/3/2024
917,Tazzy,374413.81,3/15/2024
918,Jabbertype,101711.73,6/10/2024
919,Tagcat,379089.03,9/11/2023
920,Jabbersphere,367544.27,3/10/2025
921,Chatterpoint,385032.24,4/2/2023
922,Eadel,404172.69,10/8/2023
923,Npath,40850.0,6/23/2023
924,Kimia,21494.14,11/17/2025
925,Camido,80969.99,3/11/2024
926,Dazzlesphere,244206.99,3/12/2024
927,Feedfish,489297.28,11/28/2023
928,Meetz,49368.12,11/23/2025
929,Thoughtworks,462109.97,10/30/2024
930,Yata,43140.06,10/18/2025
931,Yoveo,367534.94,11/4/2024
932,Photolist,402996.55,12/16/2024
933,Skipstorm,412253.58,9/26/2025
934,Eimbee,199970.31,4/17/2023
935,Dynazzy,118312.8,3/26/2025
936,Wikibox,59232.73,6/14/2025
937,Dynazzy,46128.43,5/16/2025
938,Eamia,451223.31,12/5/2024
939,Quaxo,281334.97,10/14/2025
940,Kanoodle,46143.99,10/26/2024
941,Flashspan,300899.47,7/28/2023
942,Dynabox,294361.19,7/18/2023
943,Voonte,412390.3,10/26/2025
944,Skivee,166415.03,11/18/2024
945,Abata,406211.83,1/20/2025
946,Babbleopia,148339.99,3/13/2023
947,Meevee,248443.36,10/22/2024
948,Devpulse,224018.62,3/30/2023
949,Thoughtblab,425536.91,1/8/2023
950,Oyope,124206.78,6/5/2024
951,Meedoo,262175.9,9/24/2024
952,Roodel,287356.55,10/9/2023
953,Shuffledrive,372774.17,7/14/2025
954,Fivebridge,115832.89,10/24/2023
955,Yodo,397999.68,9/3/2024
956,Mybuzz,273750.52,3/14/2024
957,Plajo,404658.53,8/7/2023
958,Devcast,261680.43,4/18/2026
959,Flipbug,111831.35,5/10/2023
960,Realfire,259774.11,1/12/2024
961,Eadel,167003.22,3/6/2024
962,Feedmix,301067.13,2/17/2023
963,Camido,294033.38,1/18/2025
964,Zava,430020.84,7/21/2023
965,Zooxo,143681.34,5/24/2023
966,Muxo,90503.68,3/26/2023
967,Fivechat,375901.46,5/18/2023
968,Gabvine,241484.6,5/6/2025
969,Skinte,171743.92,6/9/2025
970,Gigabox,319874.56,12/12/2025
971,Browsezoom,199470.26,3/27/2026
972,Shuffledrive,82714.39,5/6/2026
973,Skinder,445327.65,11/28/2023
974,Tanoodle,71391.65,6/10/2023
975,Zoonder,11298.71,10/31/2025
976,Fliptune,263639.46,2/1/2023
977,Edgetag,128558.88,8/20/2025
978,Edgetag,113773.5,4/1/2024
979,Avamba,283137.97,9/29/2023
980,Kazio,487850.73,4/17/2023
981,Dablist,100363.56,4/6/2025
982,Browsetype,91617.84,10/23/2024
983,Flipbug,74888.92,1/11/2024
984,Yamia,30469.45,4/28/2024
985,Aibox,97082.25,2/10/2025
986,Jaxspan,79979.53,9/23/2025
987,Zoonder,247306.72,8/16/2025
988,Topicblab,289033.04,12/9/2025
989,Skivee,48338.35,6/29/2024
990,Yamia,384629.3,11/6/2023
991,Photospace,346640.45,11/10/2023
992,Realfire,326430.94,3/27/2025
993,Katz,126478.7,10/7/2023
994,Snaptags,298445.54,1/12/2025
995,Jaxspan,120564.26,4/23/2023
996,Jatri,332091.82,2/22/2026
997,Feednation,295329.89,11/7/2024
998,Babbleblab,466542.18,4/7/2025
999,Pixoboo,385251.3,7/20/2023
1000,Trilia,265408.82,11/2/2025
